{
    "sfm_data_version": "0.2",
    "root_path": "/home/andrea/Scrivania/Datasets/Middelbury/dinoRing",
    "views": [
        {
            "key": 0,
            "value": {
                "ptr_wrapper": {
                    "id": 2147483649,
                    "data": {
                        "local_path": "/",
                        "filename": "dinoR0001.png",
                        "width": 640,
                        "height": 480,
                        "id_view": 0,
                        "id_intrinsic": 0,
                        "id_pose": 0
                    }
                }
            }
        },...
    ],
    "intrinsics": [
        {
            "key": 0,
            "value": {
                "polymorphic_id": 2147483649,
                "polymorphic_name": "pinhole",
                "ptr_wrapper": {
                    "id": 2147483697,
                    "data": {
                        "width": 640,
                        "height": 480,
                        "focal_length": 3310.3999999999996,
                        "principal_point": [
                            316.72999999999996,
                            200.54999999999998
                        ]
                    }
                }
            }
        }
    ],
    "extrinsics": [
        {
            "key": 0,
            "value": {
                "rotation": [
                    [
                        -0.086617,
                        0.97203099999999998,
                        0.21829499999999999
                    ],
                    [
                        -0.97597099999999992,
                        -0.038814999999999995,
                        -0.214418
                    ],
                    [
                        -0.19994799999999999,
                        -0.23162099999999999,
                        0.95203499999999996
                    ]
                ],
                "center": [
                    0.14996399999999999,
                    0.204702,
                    -0.61102800000000002
                ]
            }
        }...
        
    ],
    "structure": [
        {
            "key": 0,
            "value": {
                "X": [
                    0.031715998397273237,
                    0.085274722827348742,
                    0.0086548160858313516
                ],
                "observations": [
                    {
                        "key": 0,
                        "value": {
                            "id_feat": 59,
                            "x": [
                                468.8590087890625,
                                134.59199523925781
                            ]
                        }
                    },
                    {
                        "key": 1,
                        "value": {
                            "id_feat": 1,
                            "x": [
                                467.17898559570312,
                                137.92399597167969
                            ]
                        }
                    },...
                ]
            }
        },
        {
            "key": 1,
            "value": {
                "X": [
                    0.046090265214041568,
                    0.025628685613049505,
                    0.0027220314357719981
                ],
                "observations": [
                    {
                        "key": 0,
                        "value": {
                            "id_feat": 58,
                            "x": [
                                157.63600158691406,
                                81.508598327636719
                            ]
                        }
                    },
                    {
                        "key": 1,
                        "value": {
                            "id_feat": 5,
                            "x": [
                                153.60600280761719,
                                89.744598388671875
                            ]
                        }
                    },...
                ]
            }
        },...
    ],
    "control_points": []
}
