{
    "slam_data_version": "0.2",
    "root_path": "/home/andrea/Scrivania/Datasets/Middelbury/dinoRing",
    "view": [
        {
			"viewId": cameraId,
			"local_path": "/",
			"filename": "dinoR0001.png",
			"width": 640,
			"height": 480,
			"id_intrinsic": intrinsicId,
			"extrinsic": {
	            "rotation": [
	                [
	                    -0.086617,
	                    0.97203099999999998,
	                    0.21829499999999999
	                ],
	                [
	                    -0.97597099999999992,
	                    -0.038814999999999995,
	                    -0.214418
	                ],
	                [
	                    -0.19994799999999999,
	                    -0.23162099999999999,
	                    0.95203499999999996
	                ]
	            ],
	            "center": [
	                0.14996399999999999,
	                0.204702,
	                -0.61102800000000002
	            ]
        	},
        	"observations": [
                {
		            "pointId": pointId,
		            "id_feat": 59,
		            "X": [
		                0.031715998397273237,
		                0.085274722827348742,
		                0.0086548160858313516
	        		],
	                "x": [
	                    468.8590087890625,
	                    134.59199523925781
	                ]
                },...
            ]
			
                    
        },...
    ],
    "intrinsics": [
        {
            "intrinsicId": intrinsicId,
            "value": {
                "polymorphic_id": 2147483649,
                "polymorphic_name": "pinhole",
                "ptr_wrapper": {
                    "id": 2147483697,
                    "data": {
                        "width": 640,
                        "height": 480,
                        "focal_length": 3310.3999999999996,
                        "principal_point": [
                            316.72999999999996,
                            200.54999999999998
                        ]
                    }
                }
            }
        }
    ]
}
